[{"model": "auth.permission", "pk": 1, "fields": {"name": "Can add log entry", "content_type": 1, "codename": "add_logentry"}}, {"model": "auth.permission", "pk": 2, "fields": {"name": "Can change log entry", "content_type": 1, "codename": "change_logentry"}}, {"model": "auth.permission", "pk": 3, "fields": {"name": "Can delete log entry", "content_type": 1, "codename": "delete_logentry"}}, {"model": "auth.permission", "pk": 4, "fields": {"name": "Can view log entry", "content_type": 1, "codename": "view_logentry"}}, {"model": "auth.permission", "pk": 5, "fields": {"name": "Can add permission", "content_type": 2, "codename": "add_permission"}}, {"model": "auth.permission", "pk": 6, "fields": {"name": "Can change permission", "content_type": 2, "codename": "change_permission"}}, {"model": "auth.permission", "pk": 7, "fields": {"name": "Can delete permission", "content_type": 2, "codename": "delete_permission"}}, {"model": "auth.permission", "pk": 8, "fields": {"name": "Can view permission", "content_type": 2, "codename": "view_permission"}}, {"model": "auth.permission", "pk": 9, "fields": {"name": "Can add group", "content_type": 3, "codename": "add_group"}}, {"model": "auth.permission", "pk": 10, "fields": {"name": "Can change group", "content_type": 3, "codename": "change_group"}}, {"model": "auth.permission", "pk": 11, "fields": {"name": "Can delete group", "content_type": 3, "codename": "delete_group"}}, {"model": "auth.permission", "pk": 12, "fields": {"name": "Can view group", "content_type": 3, "codename": "view_group"}}, {"model": "auth.permission", "pk": 13, "fields": {"name": "Can add user", "content_type": 4, "codename": "add_user"}}, {"model": "auth.permission", "pk": 14, "fields": {"name": "Can change user", "content_type": 4, "codename": "change_user"}}, {"model": "auth.permission", "pk": 15, "fields": {"name": "Can delete user", "content_type": 4, "codename": "delete_user"}}, {"model": "auth.permission", "pk": 16, "fields": {"name": "Can view user", "content_type": 4, "codename": "view_user"}}, {"model": "auth.permission", "pk": 17, "fields": {"name": "Can add content type", "content_type": 5, "codename": "add_contenttype"}}, {"model": "auth.permission", "pk": 18, "fields": {"name": "Can change content type", "content_type": 5, "codename": "change_contenttype"}}, {"model": "auth.permission", "pk": 19, "fields": {"name": "Can delete content type", "content_type": 5, "codename": "delete_contenttype"}}, {"model": "auth.permission", "pk": 20, "fields": {"name": "Can view content type", "content_type": 5, "codename": "view_contenttype"}}, {"model": "auth.permission", "pk": 21, "fields": {"name": "Can add session", "content_type": 6, "codename": "add_session"}}, {"model": "auth.permission", "pk": 22, "fields": {"name": "Can change session", "content_type": 6, "codename": "change_session"}}, {"model": "auth.permission", "pk": 23, "fields": {"name": "Can delete session", "content_type": 6, "codename": "delete_session"}}, {"model": "auth.permission", "pk": 24, "fields": {"name": "Can view session", "content_type": 6, "codename": "view_session"}}, {"model": "auth.permission", "pk": 25, "fields": {"name": "Can add login history", "content_type": 7, "codename": "add_loginhistory"}}, {"model": "auth.permission", "pk": 26, "fields": {"name": "Can change login history", "content_type": 7, "codename": "change_loginhistory"}}, {"model": "auth.permission", "pk": 27, "fields": {"name": "Can delete login history", "content_type": 7, "codename": "delete_loginhistory"}}, {"model": "auth.permission", "pk": 28, "fields": {"name": "Can view login history", "content_type": 7, "codename": "view_loginhistory"}}, {"model": "auth.permission", "pk": 29, "fields": {"name": "Can add category", "content_type": 8, "codename": "add_category"}}, {"model": "auth.permission", "pk": 30, "fields": {"name": "Can change category", "content_type": 8, "codename": "change_category"}}, {"model": "auth.permission", "pk": 31, "fields": {"name": "Can delete category", "content_type": 8, "codename": "delete_category"}}, {"model": "auth.permission", "pk": 32, "fields": {"name": "Can view category", "content_type": 8, "codename": "view_category"}}, {"model": "auth.permission", "pk": 33, "fields": {"name": "Can add course", "content_type": 9, "codename": "add_course"}}, {"model": "auth.permission", "pk": 34, "fields": {"name": "Can change course", "content_type": 9, "codename": "change_course"}}, {"model": "auth.permission", "pk": 35, "fields": {"name": "Can delete course", "content_type": 9, "codename": "delete_course"}}, {"model": "auth.permission", "pk": 36, "fields": {"name": "Can view course", "content_type": 9, "codename": "view_course"}}, {"model": "auth.permission", "pk": 37, "fields": {"name": "Can add system settings", "content_type": 10, "codename": "add_systemsettings"}}, {"model": "auth.permission", "pk": 38, "fields": {"name": "Can change system settings", "content_type": 10, "codename": "change_systemsettings"}}, {"model": "auth.permission", "pk": 39, "fields": {"name": "Can delete system settings", "content_type": 10, "codename": "delete_systemsettings"}}, {"model": "auth.permission", "pk": 40, "fields": {"name": "Can view system settings", "content_type": 10, "codename": "view_systemsettings"}}, {"model": "auth.permission", "pk": 41, "fields": {"name": "Can add enrolment", "content_type": 11, "codename": "add_enrolment"}}, {"model": "auth.permission", "pk": 42, "fields": {"name": "Can change enrolment", "content_type": 11, "codename": "change_enrolment"}}, {"model": "auth.permission", "pk": 43, "fields": {"name": "Can delete enrolment", "content_type": 11, "codename": "delete_enrolment"}}, {"model": "auth.permission", "pk": 44, "fields": {"name": "Can view enrolment", "content_type": 11, "codename": "view_enrolment"}}, {"model": "auth.permission", "pk": 45, "fields": {"name": "Can add sales transaction", "content_type": 12, "codename": "add_salestransaction"}}, {"model": "auth.permission", "pk": 46, "fields": {"name": "Can change sales transaction", "content_type": 12, "codename": "change_salestransaction"}}, {"model": "auth.permission", "pk": 47, "fields": {"name": "Can delete sales transaction", "content_type": 12, "codename": "delete_salestransaction"}}, {"model": "auth.permission", "pk": 48, "fields": {"name": "Can view sales transaction", "content_type": 12, "codename": "view_salestransaction"}}, {"model": "auth.permission", "pk": 49, "fields": {"name": "Can add attendance", "content_type": 13, "codename": "add_attendance"}}, {"model": "auth.permission", "pk": 50, "fields": {"name": "Can change attendance", "content_type": 13, "codename": "change_attendance"}}, {"model": "auth.permission", "pk": 51, "fields": {"name": "Can delete attendance", "content_type": 13, "codename": "delete_attendance"}}, {"model": "auth.permission", "pk": 52, "fields": {"name": "Can view attendance", "content_type": 13, "codename": "view_attendance"}}, {"model": "auth.permission", "pk": 53, "fields": {"name": "Can add lesson record", "content_type": 14, "codename": "add_lessonrecord"}}, {"model": "auth.permission", "pk": 54, "fields": {"name": "Can change lesson record", "content_type": 14, "codename": "change_lessonrecord"}}, {"model": "auth.permission", "pk": 55, "fields": {"name": "Can delete lesson record", "content_type": 14, "codename": "delete_lessonrecord"}}, {"model": "auth.permission", "pk": 56, "fields": {"name": "Can view lesson record", "content_type": 14, "codename": "view_lessonrecord"}}, {"model": "auth.permission", "pk": 57, "fields": {"name": "Can add appointment", "content_type": 15, "codename": "add_appointment"}}, {"model": "auth.permission", "pk": 58, "fields": {"name": "Can change appointment", "content_type": 15, "codename": "change_appointment"}}, {"model": "auth.permission", "pk": 59, "fields": {"name": "Can delete appointment", "content_type": 15, "codename": "delete_appointment"}}, {"model": "auth.permission", "pk": 60, "fields": {"name": "Can view appointment", "content_type": 15, "codename": "view_appointment"}}, {"model": "auth.permission", "pk": 61, "fields": {"name": "Can add payment method list", "content_type": 16, "codename": "add_paymentmethodlist"}}, {"model": "auth.permission", "pk": 62, "fields": {"name": "Can change payment method list", "content_type": 16, "codename": "change_paymentmethodlist"}}, {"model": "auth.permission", "pk": 63, "fields": {"name": "Can delete payment method list", "content_type": 16, "codename": "delete_paymentmethodlist"}}, {"model": "auth.permission", "pk": 64, "fields": {"name": "Can view payment method list", "content_type": 16, "codename": "view_paymentmethodlist"}}, {"model": "auth.permission", "pk": 65, "fields": {"name": "Can add lesson", "content_type": 17, "codename": "add_lesson"}}, {"model": "auth.permission", "pk": 66, "fields": {"name": "Can change lesson", "content_type": 17, "codename": "change_lesson"}}, {"model": "auth.permission", "pk": 67, "fields": {"name": "Can delete lesson", "content_type": 17, "codename": "delete_lesson"}}, {"model": "auth.permission", "pk": 68, "fields": {"name": "Can view lesson", "content_type": 17, "codename": "view_lesson"}}, {"model": "auth.permission", "pk": 69, "fields": {"name": "Can add curriculum", "content_type": 18, "codename": "add_curriculum"}}, {"model": "auth.permission", "pk": 70, "fields": {"name": "Can change curriculum", "content_type": 18, "codename": "change_curriculum"}}, {"model": "auth.permission", "pk": 71, "fields": {"name": "Can delete curriculum", "content_type": 18, "codename": "delete_curriculum"}}, {"model": "auth.permission", "pk": 72, "fields": {"name": "Can view curriculum", "content_type": 18, "codename": "view_curriculum"}}, {"model": "auth.permission", "pk": 73, "fields": {"name": "Can add skills assessments", "content_type": 19, "codename": "add_skillsassessments"}}, {"model": "auth.permission", "pk": 74, "fields": {"name": "Can change skills assessments", "content_type": 19, "codename": "change_skillsassessments"}}, {"model": "auth.permission", "pk": 75, "fields": {"name": "Can delete skills assessments", "content_type": 19, "codename": "delete_skillsassessments"}}, {"model": "auth.permission", "pk": 76, "fields": {"name": "Can view skills assessments", "content_type": 19, "codename": "view_skillsassessments"}}, {"model": "auth.permission", "pk": 77, "fields": {"name": "Can add course enrolled", "content_type": 20, "codename": "add_courseenrolled"}}, {"model": "auth.permission", "pk": 78, "fields": {"name": "Can change course enrolled", "content_type": 20, "codename": "change_courseenrolled"}}, {"model": "auth.permission", "pk": 79, "fields": {"name": "Can delete course enrolled", "content_type": 20, "codename": "delete_courseenrolled"}}, {"model": "auth.permission", "pk": 80, "fields": {"name": "Can view course enrolled", "content_type": 20, "codename": "view_courseenrolled"}}, {"model": "auth.permission", "pk": 81, "fields": {"name": "Can add login form", "content_type": 21, "codename": "add_loginform"}}, {"model": "auth.permission", "pk": 82, "fields": {"name": "Can change login form", "content_type": 21, "codename": "change_loginform"}}, {"model": "auth.permission", "pk": 83, "fields": {"name": "Can delete login form", "content_type": 21, "codename": "delete_loginform"}}, {"model": "auth.permission", "pk": 84, "fields": {"name": "Can view login form", "content_type": 21, "codename": "view_loginform"}}, {"model": "auth.permission", "pk": 85, "fields": {"name": "Can add user records", "content_type": 22, "codename": "add_userrecords"}}, {"model": "auth.permission", "pk": 86, "fields": {"name": "Can change user records", "content_type": 22, "codename": "change_userrecords"}}, {"model": "auth.permission", "pk": 87, "fields": {"name": "Can delete user records", "content_type": 22, "codename": "delete_userrecords"}}, {"model": "auth.permission", "pk": 88, "fields": {"name": "Can view user records", "content_type": 22, "codename": "view_userrecords"}}, {"model": "auth.permission", "pk": 89, "fields": {"name": "Can add schedule type", "content_type": 23, "codename": "add_scheduletype"}}, {"model": "auth.permission", "pk": 90, "fields": {"name": "Can change schedule type", "content_type": 23, "codename": "change_scheduletype"}}, {"model": "auth.permission", "pk": 91, "fields": {"name": "Can delete schedule type", "content_type": 23, "codename": "delete_scheduletype"}}, {"model": "auth.permission", "pk": 92, "fields": {"name": "Can view schedule type", "content_type": 23, "codename": "view_scheduletype"}}, {"model": "auth.permission", "pk": 93, "fields": {"name": "Can add room assignment", "content_type": 24, "codename": "add_roomassignment"}}, {"model": "auth.permission", "pk": 94, "fields": {"name": "Can change room assignment", "content_type": 24, "codename": "change_roomassignment"}}, {"model": "auth.permission", "pk": 95, "fields": {"name": "Can delete room assignment", "content_type": 24, "codename": "delete_roomassignment"}}, {"model": "auth.permission", "pk": 96, "fields": {"name": "Can view room assignment", "content_type": 24, "codename": "view_roomassignment"}}, {"model": "auth.permission", "pk": 97, "fields": {"name": "Can add time schedule appointment", "content_type": 25, "codename": "add_timescheduleappointment"}}, {"model": "auth.permission", "pk": 98, "fields": {"name": "Can change time schedule appointment", "content_type": 25, "codename": "change_timescheduleappointment"}}, {"model": "auth.permission", "pk": 99, "fields": {"name": "Can delete time schedule appointment", "content_type": 25, "codename": "delete_timescheduleappointment"}}, {"model": "auth.permission", "pk": 100, "fields": {"name": "Can view time schedule appointment", "content_type": 25, "codename": "view_timescheduleappointment"}}, {"model": "auth.permission", "pk": 101, "fields": {"name": "Can add course instructor", "content_type": 26, "codename": "add_courseinstructor"}}, {"model": "auth.permission", "pk": 102, "fields": {"name": "Can change course instructor", "content_type": 26, "codename": "change_courseinstructor"}}, {"model": "auth.permission", "pk": 103, "fields": {"name": "Can delete course instructor", "content_type": 26, "codename": "delete_courseinstructor"}}, {"model": "auth.permission", "pk": 104, "fields": {"name": "Can view course instructor", "content_type": 26, "codename": "view_courseinstructor"}}, {"model": "auth.permission", "pk": 105, "fields": {"name": "Can add instructor specialization", "content_type": 27, "codename": "add_instructorspecialization"}}, {"model": "auth.permission", "pk": 106, "fields": {"name": "Can change instructor specialization", "content_type": 27, "codename": "change_instructorspecialization"}}, {"model": "auth.permission", "pk": 107, "fields": {"name": "Can delete instructor specialization", "content_type": 27, "codename": "delete_instructorspecialization"}}, {"model": "auth.permission", "pk": 108, "fields": {"name": "Can view instructor specialization", "content_type": 27, "codename": "view_instructorspecialization"}}, {"model": "auth.permission", "pk": 109, "fields": {"name": "Can add car type", "content_type": 28, "codename": "add_cartype"}}, {"model": "auth.permission", "pk": 110, "fields": {"name": "Can change car type", "content_type": 28, "codename": "change_cartype"}}, {"model": "auth.permission", "pk": 111, "fields": {"name": "Can delete car type", "content_type": 28, "codename": "delete_cartype"}}, {"model": "auth.permission", "pk": 112, "fields": {"name": "Can view car type", "content_type": 28, "codename": "view_cartype"}}, {"model": "auth.permission", "pk": 113, "fields": {"name": "Can add category type", "content_type": 29, "codename": "add_categorytype"}}, {"model": "auth.permission", "pk": 114, "fields": {"name": "Can change category type", "content_type": 29, "codename": "change_categorytype"}}, {"model": "auth.permission", "pk": 115, "fields": {"name": "Can delete category type", "content_type": 29, "codename": "delete_categorytype"}}, {"model": "auth.permission", "pk": 116, "fields": {"name": "Can view category type", "content_type": 29, "codename": "view_categorytype"}}, {"model": "auth.permission", "pk": 117, "fields": {"name": "Can add rooms", "content_type": 30, "codename": "add_rooms"}}, {"model": "auth.permission", "pk": 118, "fields": {"name": "Can change rooms", "content_type": 30, "codename": "change_rooms"}}, {"model": "auth.permission", "pk": 119, "fields": {"name": "Can delete rooms", "content_type": 30, "codename": "delete_rooms"}}, {"model": "auth.permission", "pk": 120, "fields": {"name": "Can view rooms", "content_type": 30, "codename": "view_rooms"}}, {"model": "auth.permission", "pk": 121, "fields": {"name": "Can add school year", "content_type": 31, "codename": "add_schoolyear"}}, {"model": "auth.permission", "pk": 122, "fields": {"name": "Can change school year", "content_type": 31, "codename": "change_schoolyear"}}, {"model": "auth.permission", "pk": 123, "fields": {"name": "Can delete school year", "content_type": 31, "codename": "delete_schoolyear"}}, {"model": "auth.permission", "pk": 124, "fields": {"name": "Can view school year", "content_type": 31, "codename": "view_schoolyear"}}, {"model": "auth.user", "pk": 1, "fields": {"password": "pbkdf2_sha256$216000$HI7zDY9vfmBN$wuYDt9JXmuNy1BPSXcvjRxD58QSX9tXGa8IGCPVh1ew=", "last_login": "2021-10-20T09:44:57.482Z", "is_superuser": true, "username": "kyun", "first_name": "", "last_name": "", "email": "sample@gmail.com", "is_staff": true, "is_active": true, "date_joined": "2021-09-20T19:32:48.446Z", "groups": [], "user_permissions": []}}, {"model": "auth.user", "pk": 34, "fields": {"password": "pbkdf2_sha256$216000$GDeB63CLgkMo$CrQLLUblTRUQU4/bRPsAuXZCUfmgbI8aDpm9IzKkkN8=", "last_login": null, "is_superuser": false, "username": "apzantua", "first_name": "Apollo", "last_name": "Zantua", "email": "apzantua@gmail.com", "is_staff": false, "is_active": true, "date_joined": "2021-10-08T10:17:48.259Z", "groups": [], "user_permissions": []}}, {"model": "auth.user", "pk": 35, "fields": {"password": "pbkdf2_sha256$216000$bDatISzwvYBx$rNGb+grV0FlQ8KZTG7Gg2uPlQYgqiTP8aQ0AJ8rJYn8=", "last_login": null, "is_superuser": false, "username": "dennis", "first_name": "Dennis", "last_name": "Abesamis", "email": "abesamis.dennis@gmail.com", "is_staff": false, "is_active": true, "date_joined": "2021-10-08T12:40:09.471Z", "groups": [], "user_permissions": []}}, {"model": "auth.user", "pk": 36, "fields": {"password": "pbkdf2_sha256$216000$jo9hLXcBwUXU$ud93bRgFxFh06L2n1pAjvk6jP4/rlLDIV0xq1vFNTs4=", "last_login": null, "is_superuser": false, "username": "pedro", "first_name": "Pedro", "last_name": "Quimora", "email": "quimora@gmail.com", "is_staff": false, "is_active": true, "date_joined": "2021-10-08T19:02:29.434Z", "groups": [], "user_permissions": []}}, {"model": "auth.user", "pk": 38, "fields": {"password": "pbkdf2_sha256$216000$TzoGEhOi31K5$4GxuBxXBwS65XuB/V/FqTnbzAZqNfbNozrYnwGgRSWU=", "last_login": "2021-10-14T05:43:10.625Z", "is_superuser": false, "username": "jessica", "first_name": "Jessica", "last_name": "Saludes", "email": "jessica@gmail.com", "is_staff": false, "is_active": true, "date_joined": "2021-10-14T05:42:54.588Z", "groups": [], "user_permissions": []}}, {"model": "contenttypes.contenttype", "pk": 1, "fields": {"app_label": "admin", "model": "logentry"}}, {"model": "contenttypes.contenttype", "pk": 2, "fields": {"app_label": "auth", "model": "permission"}}, {"model": "contenttypes.contenttype", "pk": 3, "fields": {"app_label": "auth", "model": "group"}}, {"model": "contenttypes.contenttype", "pk": 4, "fields": {"app_label": "auth", "model": "user"}}, {"model": "contenttypes.contenttype", "pk": 5, "fields": {"app_label": "contenttypes", "model": "contenttype"}}, {"model": "contenttypes.contenttype", "pk": 6, "fields": {"app_label": "sessions", "model": "session"}}, {"model": "contenttypes.contenttype", "pk": 7, "fields": {"app_label": "admin_page", "model": "loginhistory"}}, {"model": "contenttypes.contenttype", "pk": 8, "fields": {"app_label": "admin_page", "model": "category"}}, {"model": "contenttypes.contenttype", "pk": 9, "fields": {"app_label": "admin_page", "model": "course"}}, {"model": "contenttypes.contenttype", "pk": 10, "fields": {"app_label": "admin_page", "model": "systemsettings"}}, {"model": "contenttypes.contenttype", "pk": 11, "fields": {"app_label": "admin_page", "model": "enrolment"}}, {"model": "contenttypes.contenttype", "pk": 12, "fields": {"app_label": "admin_page", "model": "salestransaction"}}, {"model": "contenttypes.contenttype", "pk": 13, "fields": {"app_label": "admin_page", "model": "attendance"}}, {"model": "contenttypes.contenttype", "pk": 14, "fields": {"app_label": "admin_page", "model": "lessonrecord"}}, {"model": "contenttypes.contenttype", "pk": 15, "fields": {"app_label": "admin_page", "model": "appointment"}}, {"model": "contenttypes.contenttype", "pk": 16, "fields": {"app_label": "admin_page", "model": "paymentmethodlist"}}, {"model": "contenttypes.contenttype", "pk": 17, "fields": {"app_label": "admin_page", "model": "lesson"}}, {"model": "contenttypes.contenttype", "pk": 18, "fields": {"app_label": "admin_page", "model": "curriculum"}}, {"model": "contenttypes.contenttype", "pk": 19, "fields": {"app_label": "admin_page", "model": "skillsassessments"}}, {"model": "contenttypes.contenttype", "pk": 20, "fields": {"app_label": "website", "model": "courseenrolled"}}, {"model": "contenttypes.contenttype", "pk": 21, "fields": {"app_label": "website", "model": "loginform"}}, {"model": "contenttypes.contenttype", "pk": 22, "fields": {"app_label": "website", "model": "userrecords"}}, {"model": "contenttypes.contenttype", "pk": 23, "fields": {"app_label": "admin_page", "model": "scheduletype"}}, {"model": "contenttypes.contenttype", "pk": 24, "fields": {"app_label": "admin_page", "model": "roomassignment"}}, {"model": "contenttypes.contenttype", "pk": 25, "fields": {"app_label": "admin_page", "model": "timescheduleappointment"}}, {"model": "contenttypes.contenttype", "pk": 26, "fields": {"app_label": "admin_page", "model": "courseinstructor"}}, {"model": "contenttypes.contenttype", "pk": 27, "fields": {"app_label": "admin_page", "model": "instructorspecialization"}}, {"model": "contenttypes.contenttype", "pk": 28, "fields": {"app_label": "admin_page", "model": "cartype"}}, {"model": "contenttypes.contenttype", "pk": 29, "fields": {"app_label": "admin_page", "model": "categorytype"}}, {"model": "contenttypes.contenttype", "pk": 30, "fields": {"app_label": "admin_page", "model": "rooms"}}, {"model": "contenttypes.contenttype", "pk": 31, "fields": {"app_label": "admin_page", "model": "schoolyear"}}, {"model": "sessions.session", "pk": "0g3q9vqjm3b5hmjzzsmqw61gwtb2tx4i", "fields": {"session_data": ".eJxVjMEOwiAQBf-FsyFAlwIevfcbCLCLVA0kpT0Z_92Q9KDXNzPvzXw49uKPTptfkV0ZsMvvFkN6Uh0AH6HeG0-t7tsa-VD4STtfGtLrdrp_ByX0MupstCMNEaYUbSKtlHGGEGdBYhIyZJAmahBGk3M6AEVrlEwWEmJ2M_t8AeefN-o:1mUnfP:1KvDh3_RsgGcshFdE9GGBWenG6ecgmeKd0i2pDEd1bo", "expire_date": "2021-10-11T10:15:23.871Z"}}, {"model": "sessions.session", "pk": "3yixta3wxh5oew9ypjsu13v2rge3b4cx", "fields": {"session_data": ".eJxVjMsOgjAUBf-la9NAe1uKS_d-Q3NfFdRAQmFl_HclYaHbMzPnZTJu65C3qksexZxNa06_GyE_dNqB3HG6zZbnaV1GsrtiD1rtdRZ9Xg7372DAOnxrp71gKE2CUIgjK3mMGLxi50PfBydQCkvUhiEKATtKQL4VcalL0Jr3Bwr9OJY:1mUQzm:ddgNdhDsiB2a9_xKM530CGaXUpiW_Zkq1smOmIs_2vA", "expire_date": "2021-10-10T10:02:54.336Z"}}, {"model": "sessions.session", "pk": "dc3a2477utw01r6yzl4qdsaoy4oc2grb", "fields": {"session_data": ".eJxVjMsOwiAQRf-FtSEDbSm4dO83kGFmkKqBpI-V8d-1SRe6veec-1IRt7XEbZE5TqzOyqjT75aQHlJ3wHest6ap1XWekt4VfdBFXxvL83K4fwcFl_KtxVEeLPWmc8kyshlIbOrsGBL2NPAoIYvLwIQeJAADGDDsyUGwwTv1_gABnDgn:1md89Z:bVdb_lOzAQfm5nuNSYcmsbROou5-Xu0UAzdGFGWl_CY", "expire_date": "2021-11-03T09:44:57.698Z"}}, {"model": "sessions.session", "pk": "ece40wf5erk3afo6j8p3wddwk0ognk5u", "fields": {"session_data": ".eJxVjMsOgjAUBf-la9NAe1uKS_d-Q3NfFdRAQmFl_HclYaHbMzPnZTJu65C3qksexZxNa06_GyE_dNqB3HG6zZbnaV1GsrtiD1rtdRZ9Xg7372DAOnxrp71gKE2CUIgjK3mMGLxi50PfBydQCkvUhiEKATtKQL4VcalL0Jr3Bwr9OJY:1mTrrD:urLS4IH-pHv8PtzjJPkNIX0DRZb8bxr4qlzq1XBl04M", "expire_date": "2021-10-08T20:31:43.544Z"}}, {"model": "sessions.session", "pk": "qcrmi7vtxjjhh2pd5dzf8a2muk8iebe6", "fields": {"session_data": ".eJxVjMsOgjAUBf-la9NAe1uKS_d-Q3NfFdRAQmFl_HclYaHbMzPnZTJu65C3qksexZxNa06_GyE_dNqB3HG6zZbnaV1GsrtiD1rtdRZ9Xg7372DAOnxrp71gKE2CUIgjK3mMGLxi50PfBydQCkvUhiEKATtKQL4VcalL0Jr3Bwr9OJY:1mTdhD:mzoepiTedlnSIMbGNtlw_f48KFK_nlSbFyJb9h2S6zk", "expire_date": "2021-10-08T05:24:27.605Z"}}, {"model": "sessions.session", "pk": "wdc9fr9hgeequfgggmy4cbi6o5pygqg0", "fields": {"session_data": ".eJxVjDsOwjAQBe_iGll2_FtT0nMGy95d4wCKpXwqxN0hUgpo38y8l0h5W1vaFp7TSOIsgjj9biXjg6cd0D1Pty6xT-s8Frkr8qCLvHbi5-Vw_w5aXtq3ZrIcdGZfPbmKRlsC8KiC1XFA5Yz1UVk3QKyFsq-AHA04hlBBIbF4fwDpMjf9:1mTzKj:DQ-G-89B4xfM7yA-H6fnzIjDSuEW9zlzUYeZi0jBgSE", "expire_date": "2021-10-09T04:30:41.052Z"}}, {"model": "sessions.session", "pk": "ykbeemskc26ya5futkc5n9snzhctut3o", "fields": {"session_data": ".eJxVjMsOgjAUBf-la9NAe1uKS_d-Q3NfFdRAQmFl_HclYaHbMzPnZTJu65C3qksexZxNa06_GyE_dNqB3HG6zZbnaV1GsrtiD1rtdRZ9Xg7372DAOnxrp71gKE2CUIgjK3mMGLxi50PfBydQCkvUhiEKATtKQL4VcalL0Jr3Bwr9OJY:1mXgD4:pCrnm31DKCg4g6rp8z1u7hMu8aURpoSuEZh4AbX3h7g", "expire_date": "2021-10-19T08:54:02.387Z"}}, {"model": "admin_page.categorytype", "pk": 1, "fields": {"category_type_name": "Manual", "added_by": "1", "datetime_added": "2021-10-07T10:43:23.356Z"}}, {"model": "admin_page.categorytype", "pk": 2, "fields": {"category_type_name": "Automatic", "added_by": "1", "datetime_added": "2021-10-07T10:43:23.356Z"}}, {"model": "admin_page.cartype", "pk": 1, "fields": {"car_type_name": "Sedan", "added_by": "1", "datetime_added": "2021-10-07T10:44:34.970Z"}}, {"model": "admin_page.cartype", "pk": 2, "fields": {"car_type_name": "SUV (Innova)", "added_by": "1", "datetime_added": "2021-10-08T01:23:35.988Z"}}, {"model": "admin_page.cartype", "pk": 3, "fields": {"car_type_name": "Pick-Up MAZDA BT-50 2016", "added_by": "1", "datetime_added": "2021-10-08T01:23:35.988Z"}}, {"model": "admin_page.category", "pk": 4, "fields": {"category_name": "Special", "category_type_id": 1}}, {"model": "admin_page.category", "pk": 5, "fields": {"category_name": "Regular", "category_type_id": 1}}, {"model": "admin_page.category", "pk": 6, "fields": {"category_name": "Automatic", "category_type_id": 2}}, {"model": "admin_page.category", "pk": 7, "fields": {"category_name": "Rush", "category_type_id": 1}}, {"model": "admin_page.category", "pk": 8, "fields": {"category_name": "Own Unit", "category_type_id": 1}}, {"model": "admin_page.category", "pk": 9, "fields": {"category_name": "Min. 4 Hours a Day", "category_type_id": 1}}, {"model": "admin_page.course", "pk": 10, "fields": {"course_code": "SMR5", "course_name": "5 Hours", "course_description": "Regular Manual Driving for Sedan", "hours_duration": "5", "added_by": "1", "datetime_added": "9-12-2021 14:30:45", "category_type_id": 1, "category_id": 5, "car_type_id": 1, "tuition_fee": "2000"}}, {"model": "admin_page.course", "pk": 11, "fields": {"course_code": "SUV-MN-S5", "course_name": "5 Hours", "course_description": "SUV Innova Manual Driving for Special", "hours_duration": "5", "added_by": "1", "datetime_added": "9-12-2021 14:30:45", "category_type_id": 1, "category_id": 4, "car_type_id": 2, "tuition_fee": "3750"}}, {"model": "admin_page.course", "pk": 12, "fields": {"course_code": "OP-M5", "course_name": "5 Hours", "course_description": "Own Unit for Manual Driving (Pick-Up Mazda)", "hours_duration": "5", "added_by": "1", "datetime_added": "9-12-2021 14:30:45", "category_type_id": 1, "category_id": 8, "car_type_id": 3, "tuition_fee": "4250"}}, {"model": "admin_page.course", "pk": 13, "fields": {"course_code": "SMS5", "course_name": "5 Hours", "course_description": "Special Manual Driving for Sedan", "hours_duration": "5", "added_by": "1", "datetime_added": "9-12-2021 14:30:45", "category_type_id": 1, "category_id": 4, "car_type_id": 1, "tuition_fee": "2300"}}, {"model": "admin_page.systemsettings", "pk": 2, "fields": {"system_label": "GCASH Number", "system_name": "gcash_number", "system_value": "09913571853", "system_other_value": "system_other_value", "datetime_last_update": "2021-09-22T02:20:28.575Z", "updated_by": "updated_by", "status": "1"}}, {"model": "admin_page.systemsettings", "pk": 3, "fields": {"system_label": "Google Map", "system_name": "google_map_link", "system_value": "https://www.google.com/maps/embed?pb=!1m18!1m12!1m3!1d1616.561289266971!2d120.97194479267803!3d15.492370903985151!2m3!1f0!2f0!3f0!3m2!1i1024!2i768!4f13.1!3m3!1m2!1s0x339729238856c5ab%3A0xaa397b448b20a0ce!2sCruiser%20Driving%20School!5e0!3m2!1sen!2sph!4v1632248716372!5m2!1sen!2sph", "system_other_value": "system_other_value", "datetime_last_update": "2021-09-22T02:20:28.575Z", "updated_by": "updated_by", "status": "1"}}, {"model": "admin_page.systemsettings", "pk": 4, "fields": {"system_label": "Company Email Address", "system_name": "company_email_address", "system_value": "cruiser.driving2021@gmail.com", "system_other_value": "system_other_value", "datetime_last_update": "2021-09-22T02:20:28.575Z", "updated_by": "updated_by", "status": "1"}}, {"model": "admin_page.systemsettings", "pk": 5, "fields": {"system_label": "Company Phone Number", "system_name": "company_phone_number", "system_value": "+639239898990", "system_other_value": "system_other_value", "datetime_last_update": "2021-09-22T02:20:28.575Z", "updated_by": "updated_by", "status": "1"}}, {"model": "admin_page.systemsettings", "pk": 6, "fields": {"system_label": "Company Address", "system_name": "company_address", "system_value": "Del Pilar Street, Sangitan West Baranggay Hall, 1169 Del Pilar Street, Cabanatuan City, 3100 Nueva Ecija", "system_other_value": "system_other_value", "datetime_last_update": "2021-09-22T02:20:28.575Z", "updated_by": "updated_by", "status": "1"}}, {"model": "admin_page.systemsettings", "pk": 7, "fields": {"system_label": "Facebook Account", "system_name": "company_facebook_link", "system_value": "https://web.facebook.com/Cruiser-Driving-School-Nueva-Ecija-124293541056481", "system_other_value": "system_other_value", "datetime_last_update": "2021-09-22T02:34:49.898Z", "updated_by": "updated_by", "status": "1"}}, {"model": "admin_page.enrolment", "pk": 1, "fields": {"user_id": "38", "enrolled_course": "11", "payment_method": "2", "payment_term": "2", "amount": "3750", "datetime_registered": "2021-10-14T13:39:17.003Z", "datetime_enrolled": "2021-10-14T13:39:17.003Z", "datetime_start": "2021-10-14T13:39:17.003Z", "datetime_finished": "2021-10-14T13:39:17.003Z", "status": "1", "processed_by": "0", "finished_processed_by": "0"}}, {"model": "admin_page.salestransaction", "pk": 1, "fields": {"enrolment_id": 1, "amount_paid": "2125", "amount_balance": "2125.0", "user_id": "37", "user_contact_number": "091023231211", "payment_reference_no": "534543545545435435", "payment_contact_number": "09913571853", "transaction_type": 1, "payment_method": "1", "payment_term": "1", "for_payment_term": 1, "datetime_paid": "2021-10-14T13:05:29.171Z", "datetime_declared_payment": "2021-10-14T13:05:29.171Z", "processed_by": "1", "status": 1}}, {"model": "admin_page.salestransaction", "pk": 2, "fields": {"enrolment_id": 1, "amount_paid": "3750", "amount_balance": "0", "user_id": "38", "user_contact_number": "09192212121", "payment_reference_no": "54535345454543543535", "payment_contact_number": "09913571853", "transaction_type": 1, "payment_method": "2", "payment_term": "2", "for_payment_term": 2, "datetime_paid": "2021-10-14T13:39:17.003Z", "datetime_declared_payment": "2021-10-14T13:39:17.003Z", "processed_by": "1", "status": 1}}, {"model": "admin_page.scheduletype", "pk": 1, "fields": {"schedules": "MON-WED-FRI", "hours_per_day": 3, "status": 1, "added_by": "1"}}, {"model": "admin_page.scheduletype", "pk": 2, "fields": {"schedules": "TUE-THU-SAT-SUN", "hours_per_day": 3, "status": 1, "added_by": "1"}}, {"model": "admin_page.attendance", "pk": 1, "fields": {"time_schedule_appointment_id": "2", "enrolment_id": 1, "status": 0, "hours_rendered": 3}}, {"model": "admin_page.instructorspecialization", "pk": 3, "fields": {"instructor_id": "29", "course_id": 13, "assigned_by": "1", "datetime_assigned": "2021-10-08T20:28:46.996Z"}}, {"model": "admin_page.instructorspecialization", "pk": 7, "fields": {"instructor_id": "30", "course_id": 12, "assigned_by": "1", "datetime_assigned": "2021-10-08T22:17:34.893Z"}}, {"model": "admin_page.instructorspecialization", "pk": 8, "fields": {"instructor_id": "30", "course_id": 11, "assigned_by": "1", "datetime_assigned": "2021-10-09T02:59:44.375Z"}}, {"model": "admin_page.instructorspecialization", "pk": 9, "fields": {"instructor_id": "31", "course_id": 10, "assigned_by": "1", "datetime_assigned": "2021-10-09T02:59:44.375Z"}}, {"model": "admin_page.rooms", "pk": 1, "fields": {"room_name": "Theoretical Room", "room_no": "101", "building": "Cruiser Building Venue", "floor": "1", "status": "1", "updated_by": "1", "added_by": "1", "datetime_added": "2021-10-11T01:12:44.809Z"}}, {"model": "admin_page.rooms", "pk": 2, "fields": {"room_name": "Practical Room", "room_no": "102", "building": "Cruiser Building Venue", "floor": "1st Floor", "status": "1", "updated_by": "1", "added_by": "1", "datetime_added": "2021-10-11T01:17:43.801Z"}}, {"model": "admin_page.timescheduleappointment", "pk": 1, "fields": {"instructor_id": "29", "course_id": 11, "room_id": 1, "scheduled_day": "MON", "class_datetime": "2021-10-14T13:38:29.881Z", "time_start": "10:00:00", "time_end": "11:30:00", "assigned_by": "1", "datetime_assigned": "2021-10-11T02:00:05.562Z", "appointment_id": 1, "status": "1"}}, {"model": "admin_page.timescheduleappointment", "pk": 2, "fields": {"instructor_id": "29", "course_id": 11, "room_id": 1, "scheduled_day": "WED", "class_datetime": "2021-10-14T13:38:29.881Z", "time_start": "10:00:00", "time_end": "11:30:00", "assigned_by": "1", "datetime_assigned": "2021-10-11T02:00:05.562Z", "appointment_id": 1, "status": "1"}}, {"model": "admin_page.timescheduleappointment", "pk": 3, "fields": {"instructor_id": "30", "course_id": 12, "room_id": 1, "scheduled_day": "TUE", "class_datetime": "2021-10-14T13:59:40.059Z", "time_start": "14:00:00", "time_end": "17:00:00", "assigned_by": "1", "datetime_assigned": "2021-10-14T13:59:40.059Z", "appointment_id": 2, "status": "1"}}, {"model": "admin_page.timescheduleappointment", "pk": 4, "fields": {"instructor_id": "30", "course_id": 12, "room_id": 1, "scheduled_day": "THU", "class_datetime": "2021-10-14T13:59:40.059Z", "time_start": "14:00:00", "time_end": "17:00:00", "assigned_by": "1", "datetime_assigned": "2021-10-14T13:59:40.059Z", "appointment_id": 2, "status": "1"}}, {"model": "admin_page.appointment", "pk": 1, "fields": {"batch_appointment_code": "B15H", "batch_appointment_name": "ADACHI Schedule", "schedule_type": 1, "sy_id": 1, "datetime_processed": "2021-10-08T23:04:25.667Z", "processed_by": "1", "status": "1"}}, {"model": "admin_page.appointment", "pk": 2, "fields": {"batch_appointment_code": "B201H", "batch_appointment_name": "TEAM CRUISER", "schedule_type": 2, "sy_id": 1, "datetime_processed": "2021-10-11T00:05:01.593Z", "processed_by": "1", "status": "1"}}, {"model": "admin_page.paymentmethodlist", "pk": 1, "fields": {"payment_method": "GCASH", "payment_method_image": "gcash.jpg", "status": "1"}}, {"model": "admin_page.paymentmethodlist", "pk": 2, "fields": {"payment_method": "PALAWAN Express", "payment_method_image": "palawan.jpg", "status": "1"}}, {"model": "admin_page.paymentmethodlist", "pk": 3, "fields": {"payment_method": "CASH", "payment_method_image": "cash.jpg", "status": "1"}}, {"model": "website.userrecords", "pk": 29, "fields": {"authentication_user_id": "34", "firstname": "Apollo", "lastname": "Zantua", "middlename": "Pablo", "name_extension": "", "birthdate": "2000-06-07", "complete_address": "2321 Central Bicutan, Taguig City", "contact_number": "09102212412", "email_address": "apzantua@gmail.com", "gender": "M", "civil_status": "1", "datetime_registered": "2021-10-08T18:02:28.354Z", "role_id": 3}}, {"model": "website.userrecords", "pk": 30, "fields": {"authentication_user_id": "35", "firstname": "Dennis", "lastname": "Abesamis", "middlename": "Kanor", "name_extension": "", "birthdate": "2001-02-14", "complete_address": "4421 Montalban, Rizal", "contact_number": "09102232123", "email_address": "abesamis.dennis@gmail.com", "gender": "M", "civil_status": "2", "datetime_registered": "2021-10-08T20:33:45.457Z", "role_id": 3}}, {"model": "website.userrecords", "pk": 31, "fields": {"authentication_user_id": "36", "firstname": "Pedro", "lastname": "Quimora", "middlename": "Xeres", "name_extension": "", "birthdate": "1971-03-11", "complete_address": "4243 Signal Village, Taguig City", "contact_number": "09102313244", "email_address": "quimora@gmail.com", "gender": "M", "civil_status": "4", "datetime_registered": "2021-10-09T02:59:44.395Z", "role_id": 3}}, {"model": "website.userrecords", "pk": 33, "fields": {"authentication_user_id": "38", "firstname": "Jessica", "lastname": "Saludes", "middlename": "Manahan", "name_extension": "", "birthdate": "1998-01-13", "complete_address": "2321 Montalban, Rizal", "contact_number": "09192212121", "email_address": "jessica@gmail.com", "gender": "F", "civil_status": "1", "datetime_registered": "2021-10-14T13:39:17.034Z", "role_id": 2}}]